,Identification.Make,Identification.Year,Engine Information.Number of Forward Gears,Engine Information.Engine Statistics.Horsepower,Identification.Classification
168,Toyota,2011,6,268,Automatic transmission
169,Toyota,2011,6,268,Automatic transmission
174,Toyota,2010,6,268,Automatic transmission
175,Toyota,2010,6,268,Automatic transmission
176,Toyota,2010,6,268,Automatic transmission
177,Toyota,2011,6,169,Manual transmission
178,Toyota,2011,6,169,Automatic transmission
179,Toyota,2011,6,169,Manual transmission
180,Toyota,2011,6,169,Automatic transmission
181,Toyota,2011,6,268,Automatic transmission
182,Toyota,2011,6,179,Manual transmission
183,Toyota,2011,6,179,Automatic transmission
184,Toyota,2011,6,268,Automatic transmission
185,Toyota,2011,6,169,Automatic transmission
186,Toyota,2011,6,268,Automatic transmission
217,Toyota,2010,6,169,Manual transmission
218,Toyota,2010,6,169,Automatic transmission
219,Toyota,2010,6,169,Manual transmission
220,Toyota,2010,6,169,Automatic transmission
221,Toyota,2010,6,268,Automatic transmission
222,Toyota,2010,6,179,Manual transmission
223,Toyota,2010,6,179,Automatic transmission
224,Toyota,2010,6,268,Automatic transmission
225,Toyota,2010,6,169,Automatic transmission
226,Toyota,2010,6,268,Automatic transmission
300,Toyota,2011,6,260,Manual transmission
322,Toyota,2010,6,260,Manual transmission
324,Toyota,2011,6,187,Automatic transmission
325,Toyota,2011,6,270,Automatic transmission
327,Toyota,2011,6,187,Automatic transmission
332,Toyota,2010,6,187,Automatic transmission
344,Toyota,2011,6,381,Automatic transmission
345,Toyota,2010,6,381,Automatic transmission
1262,Toyota,2011,6,310,Automatic transmission
1263,Toyota,2011,6,310,Automatic transmission
1264,Toyota,2011,6,381,Automatic transmission
1265,Toyota,2011,6,381,Automatic transmission
1266,Toyota,2011,6,381,Automatic transmission
1267,Toyota,2011,6,381,Automatic transmission
1268,Toyota,2011,6,381,Automatic transmission
1269,Toyota,2011,6,381,Automatic transmission
1270,Toyota,2011,6,381,Automatic transmission
1271,Toyota,2011,6,381,Automatic transmission
1422,Toyota,2010,6,310,Automatic transmission
1423,Toyota,2010,6,381,Automatic transmission
1424,Toyota,2010,6,310,Automatic transmission
1425,Toyota,2010,6,381,Automatic transmission
1426,Toyota,2010,6,381,Automatic transmission
1427,Toyota,2010,6,381,Automatic transmission
1428,Toyota,2010,6,381,Automatic transmission
1429,Toyota,2010,6,381,Automatic transmission
1430,Toyota,2010,6,381,Automatic transmission
1431,Toyota,2010,6,381,Automatic transmission
1432,Toyota,2010,6,381,Automatic transmission
1665,Toyota,2011,6,187,Automatic transmission
1666,Toyota,2011,6,266,Automatic transmission
1667,Toyota,2011,6,187,Automatic transmission
1668,Toyota,2011,6,266,Automatic transmission
1669,Toyota,2011,6,266,Automatic transmission
1670,Toyota,2011,6,266,Automatic transmission
1671,Toyota,2011,6,266,Automatic transmission
1672,Toyota,2011,6,266,Automatic transmission
1673,Toyota,2011,6,266,Automatic transmission
1674,Toyota,2011,6,266,Automatic transmission
1675,Toyota,2011,6,266,Automatic transmission
1676,Toyota,2011,6,266,Automatic transmission
1904,Toyota,2011,6,182,Automatic transmission
1905,Toyota,2011,6,182,Automatic transmission
1906,Toyota,2011,6,268,Automatic transmission
1907,Toyota,2011,6,268,Automatic transmission
2034,Toyota,2010,6,182,Automatic transmission
2035,Toyota,2010,6,182,Automatic transmission
2036,Toyota,2010,6,268,Automatic transmission
2037,Toyota,2010,6,268,Automatic transmission
2234,Toyota,2012,6,187,Automatic transmission
2237,Toyota,2012,6,187,Automatic transmission
3026,Toyota,2012,6,178,Automatic transmission
3027,Toyota,2012,6,178,Automatic transmission
3028,Toyota,2012,6,178,Automatic transmission
3029,Toyota,2012,6,268,Automatic transmission
3030,Toyota,2012,6,178,Automatic transmission
3031,Toyota,2012,6,268,Automatic transmission
3035,Toyota,2012,6,260,Manual transmission
3385,Toyota,2011,6,236,Manual transmission
3391,Toyota,2011,6,236,Manual transmission
3394,Toyota,2011,6,236,Manual transmission
3406,Toyota,2010,6,236,Manual transmission
3409,Toyota,2010,6,236,Manual transmission
3411,Toyota,2010,6,236,Manual transmission
3416,Toyota,2010,6,236,Manual transmission
3554,Toyota,2011,6,310,Automatic transmission
3555,Toyota,2011,6,381,Automatic transmission
3556,Toyota,2011,6,381,Automatic transmission
3558,Toyota,2011,6,381,Automatic transmission
3559,Toyota,2011,6,381,Automatic transmission
3560,Toyota,2011,6,381,Automatic transmission
3562,Toyota,2011,6,310,Automatic transmission
3563,Toyota,2011,6,310,Automatic transmission
3564,Toyota,2011,6,381,Automatic transmission
3565,Toyota,2011,6,381,Automatic transmission
3566,Toyota,2011,6,381,Automatic transmission
3567,Toyota,2011,6,381,Automatic transmission
3568,Toyota,2011,6,381,Automatic transmission
3569,Toyota,2011,6,310,Automatic transmission
3570,Toyota,2011,6,310,Automatic transmission
3571,Toyota,2011,6,381,Automatic transmission
3572,Toyota,2011,6,381,Automatic transmission
3573,Toyota,2011,6,310,Automatic transmission
3574,Toyota,2011,6,310,Automatic transmission
3575,Toyota,2011,6,381,Automatic transmission
3576,Toyota,2011,6,381,Automatic transmission
3577,Toyota,2011,6,381,Automatic transmission
3578,Toyota,2011,6,381,Automatic transmission
3591,Toyota,2011,6,381,Automatic transmission
3592,Toyota,2011,6,381,Automatic transmission
3871,Toyota,2010,6,310,Automatic transmission
3872,Toyota,2010,6,310,Automatic transmission
3873,Toyota,2010,6,381,Automatic transmission
3874,Toyota,2010,6,381,Automatic transmission
3875,Toyota,2010,6,381,Automatic transmission
3877,Toyota,2010,6,310,Automatic transmission
3878,Toyota,2010,6,310,Automatic transmission
3879,Toyota,2010,6,381,Automatic transmission
3880,Toyota,2010,6,381,Automatic transmission
3881,Toyota,2010,6,381,Automatic transmission
3883,Toyota,2010,6,310,Automatic transmission
3884,Toyota,2010,6,310,Automatic transmission
3885,Toyota,2010,6,381,Automatic transmission
3886,Toyota,2010,6,381,Automatic transmission
3887,Toyota,2010,6,381,Automatic transmission
3888,Toyota,2010,6,310,Automatic transmission
3889,Toyota,2010,6,310,Automatic transmission
3890,Toyota,2010,6,381,Automatic transmission
3891,Toyota,2010,6,381,Automatic transmission
3892,Toyota,2010,6,381,Automatic transmission
3893,Toyota,2010,6,310,Automatic transmission
3894,Toyota,2010,6,310,Automatic transmission
3895,Toyota,2010,6,381,Automatic transmission
3896,Toyota,2010,6,381,Automatic transmission
3897,Toyota,2010,6,381,Automatic transmission
3898,Toyota,2010,6,310,Automatic transmission
3899,Toyota,2010,6,310,Automatic transmission
3900,Toyota,2010,6,381,Automatic transmission
3901,Toyota,2010,6,381,Automatic transmission
3902,Toyota,2010,6,381,Automatic transmission
3903,Toyota,2010,6,310,Automatic transmission
3904,Toyota,2010,6,310,Automatic transmission
3905,Toyota,2010,6,381,Automatic transmission
3906,Toyota,2010,6,381,Automatic transmission
3907,Toyota,2010,6,381,Automatic transmission
4489,Toyota,2012,6,187,Automatic transmission
4490,Toyota,2012,6,266,Automatic transmission
4491,Toyota,2012,6,187,Automatic transmission
4492,Toyota,2012,6,266,Automatic transmission
4493,Toyota,2012,6,266,Automatic transmission
4494,Toyota,2012,6,266,Automatic transmission
4495,Toyota,2012,6,266,Automatic transmission
4496,Toyota,2012,6,266,Automatic transmission
4497,Toyota,2012,6,266,Automatic transmission
4498,Toyota,2012,6,266,Automatic transmission
4499,Toyota,2012,6,266,Automatic transmission
4500,Toyota,2012,6,266,Automatic transmission
4568,Toyota,2012,6,310,Automatic transmission
4569,Toyota,2012,6,381,Automatic transmission
4570,Toyota,2012,6,310,Automatic transmission
4571,Toyota,2012,6,381,Automatic transmission
4572,Toyota,2012,6,381,Automatic transmission
4573,Toyota,2012,6,381,Automatic transmission
4574,Toyota,2012,6,381,Automatic transmission
4575,Toyota,2012,6,381,Automatic transmission
